subreddit,year,sentiment_label,count,prop
BPD,2016,negative,280,0.3794037940379404
BPD,2016,neutral,258,0.34959349593495936
BPD,2016,positive,200,0.27100271002710025
BPD,2017,negative,372,0.372
BPD,2017,neutral,367,0.367
BPD,2017,positive,261,0.261
BPD,2018,negative,396,0.396
BPD,2018,neutral,321,0.321
BPD,2018,positive,283,0.283
BPD,2019,negative,401,0.401
BPD,2019,neutral,332,0.332
BPD,2019,positive,267,0.267
BPD,2020,negative,420,0.42
BPD,2020,neutral,344,0.344
BPD,2020,positive,236,0.236
BPD,2021,negative,413,0.413
BPD,2021,neutral,319,0.319
BPD,2021,positive,268,0.268
BPD,2022,negative,393,0.393
BPD,2022,neutral,363,0.363
BPD,2022,positive,244,0.244
BPD,2023,negative,493,0.493
BPD,2023,neutral,353,0.353
BPD,2023,positive,154,0.154
BPD,2024,negative,550,0.55
BPD,2024,neutral,286,0.286
BPD,2024,positive,164,0.164
BPD,2025,negative,543,0.543
BPD,2025,neutral,303,0.303
BPD,2025,positive,154,0.154
BPDlovedones,2016,negative,6,0.2222222222222222
BPDlovedones,2016,neutral,13,0.48148148148148145
BPDlovedones,2016,positive,8,0.2962962962962963
BPDlovedones,2017,negative,16,0.25806451612903225
BPDlovedones,2017,neutral,33,0.532258064516129
BPDlovedones,2017,positive,13,0.20967741935483872
BPDlovedones,2018,negative,73,0.31601731601731603
BPDlovedones,2018,neutral,113,0.48917748917748916
BPDlovedones,2018,positive,45,0.19480519480519481
BPDlovedones,2019,negative,79,0.3333333333333333
BPDlovedones,2019,neutral,120,0.5063291139240507
BPDlovedones,2019,positive,38,0.16033755274261605
BPDlovedones,2020,negative,87,0.2815533980582524
BPDlovedones,2020,neutral,159,0.5145631067961165
BPDlovedones,2020,positive,63,0.20388349514563106
BPDlovedones,2021,negative,100,0.31746031746031744
BPDlovedones,2021,neutral,163,0.5174603174603175
BPDlovedones,2021,positive,52,0.16507936507936508
BPDlovedones,2022,negative,162,0.34177215189873417
BPDlovedones,2022,neutral,232,0.48945147679324896
BPDlovedones,2022,positive,80,0.16877637130801687
BPDlovedones,2023,negative,230,0.3133514986376022
BPDlovedones,2023,neutral,386,0.5258855585831063
BPDlovedones,2023,positive,118,0.16076294277929154
BPDlovedones,2024,negative,303,0.3462857142857143
BPDlovedones,2024,neutral,409,0.4674285714285714
BPDlovedones,2024,positive,163,0.18628571428571428
BPDlovedones,2025,negative,348,0.37703141928494044
BPDlovedones,2025,neutral,380,0.41170097508125675
BPDlovedones,2025,positive,195,0.2112676056338028
